Modelo,Train RMSE,Train MAE,Train MAPE,Test RMSE,Test MAE,Test MAPE
Modelo 1: Red Neuronal con Más Capas y Neuronas,583.2003836589959,270.70391845703125,inf,536.7869398094555,266.4295654296875,inf
Modelo 2: Red Neuronal con Menos Capas y Neuronas,442.3263783678292,170.29702758789062,inf,405.02197085466855,167.21353149414062,inf
Modelo 3: Red Neuronal con Capas Convolucionales (CNN),579.6508108335569,201.9524383544922,inf,478.1267973822425,196.80966186523438,inf
